[
    {
        "name": "宜蘭縣",
        "shortId": "F-D0047-001",
        "longId": "F-D0047-003",
        "townships": [
            {
                "name": "蘇澳鎮",
                "stations": [
                    "蘇澳"
                ]
            },
            {
                "name": "頭城鎮",
                "stations": [
                    "大溪漁港",
                    "石城",
                    "北關",
                    "頭城",
                    "龜山島",
                    "鶯子嶺",
                    "坪林石牌",
                    "桃源谷"
                ]
            },
            {
                "name": "宜蘭市",
                "stations": []
            },
            {
                "name": "南澳鄉",
                "stations": [
                    "東澳",
                    "南澳",
                    "樟樹山",
                    "西帽山",
                    "西德山"
                ]
            },
            {
                "name": "羅東鎮",
                "stations": [
                    "羅東"
                ]
            },
            {
                "name": "三星鄉",
                "stations": [
                    "三星"
                ]
            },
            {
                "name": "大同鄉",
                "stations": [
                    "玉蘭",
                    "太平山",
                    "南山",
                    "翠峰湖",
                    "鴛鴦湖",
                    "白嶺",
                    "土場",
                    "多加屯"
                ]
            },
            {
                "name": "五結鄉",
                "stations": [
                    "五結"
                ]
            },
            {
                "name": "員山鄉",
                "stations": [
                    "雙連埤",
                    "內城",
                    "員山"
                ]
            },
            {
                "name": "冬山鄉",
                "stations": [
                    "冬山"
                ]
            },
            {
                "name": "礁溪鄉",
                "stations": [
                    "淡江大學蘭陽校園",
                    "大礁溪",
                    "礁溪"
                ]
            },
            {
                "name": "壯圍鄉",
                "stations": [
                    "壯圍",
                    "大福"
                ]
            }
        ]
    },
    {
        "name": "桃園市",
        "shortId": "F-D0047-005",
        "longId": "F-D0047-007",
        "townships": [
            {
                "name": "龍潭區",
                "stations": [
                    "龍潭"
                ]
            },
            {
                "name": "八德區",
                "stations": [
                    "八德"
                ]
            },
            {
                "name": "龜山區",
                "stations": [
                    "國一五楊N44K",
                    "龜山"
                ]
            },
            {
                "name": "大園區",
                "stations": [
                    "竹圍"
                ]
            },
            {
                "name": "蘆竹區",
                "stations": [
                    "蘆竹"
                ]
            },
            {
                "name": "楊梅區",
                "stations": [
                    "楊梅"
                ]
            },
            {
                "name": "大溪區",
                "stations": [
                    "大溪永福",
                    "大溪"
                ]
            },
            {
                "name": "中壢區",
                "stations": [
                    "中壢"
                ]
            },
            {
                "name": "復興區",
                "stations": [
                    "復興"
                ]
            },
            {
                "name": "桃園區",
                "stations": [
                    "桃園"
                ]
            },
            {
                "name": "觀音區",
                "stations": [
                    "觀音工業區",
                    "新興坑尾",
                    "觀音"
                ]
            },
            {
                "name": "新屋區",
                "stations": [
                    "中大臨海站"
                ]
            },
            {
                "name": "平鎮區",
                "stations": [
                    "平鎮"
                ]
            }
        ]
    },
    {
        "name": "新竹縣",
        "shortId": "F-D0047-009",
        "longId": "F-D0047-011",
        "townships": [
            {
                "name": "峨眉鄉",
                "stations": [
                    "峨眉"
                ]
            },
            {
                "name": "寶山鄉",
                "stations": [
                    "寶山"
                ]
            },
            {
                "name": "竹東鎮",
                "stations": [
                    "竹東"
                ]
            },
            {
                "name": "五峰鄉",
                "stations": [
                    "雪霸"
                ]
            },
            {
                "name": "竹北市",
                "stations": []
            },
            {
                "name": "尖石鄉",
                "stations": [
                    "梅花"
                ]
            },
            {
                "name": "橫山鄉",
                "stations": [
                    "橫山"
                ]
            },
            {
                "name": "芎林鄉",
                "stations": []
            },
            {
                "name": "北埔鄉",
                "stations": []
            },
            {
                "name": "關西鎮",
                "stations": [
                    "關西"
                ]
            },
            {
                "name": "新埔鎮",
                "stations": [
                    "打鐵坑"
                ]
            },
            {
                "name": "新豐鄉",
                "stations": [
                    "外湖",
                    "新豐"
                ]
            },
            {
                "name": "湖口鄉",
                "stations": [
                    "湖口"
                ]
            }
        ]
    },
    {
        "name": "苗栗縣",
        "shortId": "F-D0047-013",
        "longId": "F-D0047-015",
        "townships": [
            {
                "name": "銅鑼鄉",
                "stations": [
                    "銅鑼"
                ]
            },
            {
                "name": "苗栗市",
                "stations": [
                    "苗栗"
                ]
            },
            {
                "name": "頭屋鄉",
                "stations": [
                    "明德"
                ]
            },
            {
                "name": "南庄鄉",
                "stations": [
                    "南庄"
                ]
            },
            {
                "name": "卓蘭鎮",
                "stations": [
                    "卓蘭"
                ]
            },
            {
                "name": "泰安鄉",
                "stations": [
                    "馬都安"
                ]
            },
            {
                "name": "後龍鎮",
                "stations": [
                    "海埔",
                    "高鐵苗栗"
                ]
            },
            {
                "name": "獅潭鄉",
                "stations": [
                    "獅潭"
                ]
            },
            {
                "name": "公館鄉",
                "stations": []
            },
            {
                "name": "大湖鄉",
                "stations": []
            },
            {
                "name": "通霄鎮",
                "stations": [
                    "通霄漁港",
                    "通霄"
                ]
            },
            {
                "name": "西湖鄉",
                "stations": [
                    "西湖"
                ]
            },
            {
                "name": "苑裡鎮",
                "stations": [
                    "苑裡"
                ]
            },
            {
                "name": "三義鄉",
                "stations": []
            },
            {
                "name": "頭份市",
                "stations": [
                    "頭份"
                ]
            },
            {
                "name": "三灣鄉",
                "stations": [
                    "大河"
                ]
            },
            {
                "name": "竹南鎮",
                "stations": [
                    "龍鳳",
                    "竹南"
                ]
            },
            {
                "name": "造橋鄉",
                "stations": [
                    "造橋"
                ]
            }
        ]
    },
    {
        "name": "彰化縣",
        "shortId": "F-D0047-017",
        "longId": "F-D0047-019",
        "townships": [
            {
                "name": "田尾鄉",
                "stations": [
                    "田尾"
                ]
            },
            {
                "name": "埔心鄉",
                "stations": [
                    "埔心"
                ]
            },
            {
                "name": "伸港鄉",
                "stations": [
                    "防潮門",
                    "伸港"
                ]
            },
            {
                "name": "社頭鄉",
                "stations": [
                    "社頭"
                ]
            },
            {
                "name": "秀水鄉",
                "stations": [
                    "秀水"
                ]
            },
            {
                "name": "溪湖鎮",
                "stations": [
                    "溪湖"
                ]
            },
            {
                "name": "彰化市",
                "stations": []
            },
            {
                "name": "芳苑鄉",
                "stations": []
            },
            {
                "name": "大村鄉",
                "stations": []
            },
            {
                "name": "和美鎮",
                "stations": []
            },
            {
                "name": "竹塘鄉",
                "stations": [
                    "竹塘"
                ]
            },
            {
                "name": "花壇鄉",
                "stations": [
                    "花壇"
                ]
            },
            {
                "name": "二林鎮",
                "stations": [
                    "二林"
                ]
            },
            {
                "name": "員林市",
                "stations": [
                    "員林"
                ]
            },
            {
                "name": "線西鄉",
                "stations": [
                    "線西"
                ]
            },
            {
                "name": "溪州鄉",
                "stations": [
                    "溪州"
                ]
            },
            {
                "name": "永靖鄉",
                "stations": [
                    "永靖"
                ]
            },
            {
                "name": "福興鄉",
                "stations": [
                    "福寶",
                    "福興"
                ]
            },
            {
                "name": "二水鄉",
                "stations": [
                    "二水"
                ]
            },
            {
                "name": "埤頭鄉",
                "stations": [
                    "埤頭"
                ]
            },
            {
                "name": "田中鎮",
                "stations": []
            },
            {
                "name": "鹿港鎮",
                "stations": []
            },
            {
                "name": "大城鄉",
                "stations": [
                    "三豐",
                    "大城"
                ]
            },
            {
                "name": "埔鹽鄉",
                "stations": [
                    "埔鹽"
                ]
            },
            {
                "name": "北斗鎮",
                "stations": []
            },
            {
                "name": "芬園鄉",
                "stations": [
                    "芬園"
                ]
            }
        ]
    },
    {
        "name": "南投縣",
        "shortId": "F-D0047-021",
        "longId": "F-D0047-023",
        "townships": [
            {
                "name": "草屯鎮",
                "stations": [
                    "草屯"
                ]
            },
            {
                "name": "竹山鎮",
                "stations": [
                    "竹山"
                ]
            },
            {
                "name": "集集鎮",
                "stations": [
                    "集集"
                ]
            },
            {
                "name": "名間鄉",
                "stations": [
                    "名間"
                ]
            },
            {
                "name": "國姓鄉",
                "stations": [
                    "國姓"
                ]
            },
            {
                "name": "水里鄉",
                "stations": [
                    "水里"
                ]
            },
            {
                "name": "南投市",
                "stations": [
                    "南投"
                ]
            },
            {
                "name": "信義鄉",
                "stations": [
                    "玉山風口",
                    "信義",
                    "神木村"
                ]
            },
            {
                "name": "埔里鎮",
                "stations": [
                    "埔里"
                ]
            },
            {
                "name": "仁愛鄉",
                "stations": [
                    "仁愛",
                    "萬大林道",
                    "梅峰",
                    "小奇萊",
                    "奇萊稜線A",
                    "合歡山",
                    "昆陽",
                    "廬山"
                ]
            },
            {
                "name": "鹿谷鄉",
                "stations": []
            },
            {
                "name": "中寮鄉",
                "stations": []
            },
            {
                "name": "魚池鄉",
                "stations": [
                    "魚池"
                ]
            }
        ]
    },
    {
        "name": "雲林縣",
        "shortId": "F-D0047-025",
        "longId": "F-D0047-027",
        "townships": [
            {
                "name": "斗六市",
                "stations": [
                    "斗六"
                ]
            },
            {
                "name": "崙背鄉",
                "stations": [
                    "崙背"
                ]
            },
            {
                "name": "二崙鄉",
                "stations": [
                    "二崙"
                ]
            },
            {
                "name": "林內鄉",
                "stations": [
                    "林內"
                ]
            },
            {
                "name": "水林鄉",
                "stations": [
                    "水林",
                    "蔦松"
                ]
            },
            {
                "name": "土庫鎮",
                "stations": [
                    "土庫"
                ]
            },
            {
                "name": "臺西鄉",
                "stations": [
                    "臺西"
                ]
            },
            {
                "name": "西螺鎮",
                "stations": [
                    "西螺"
                ]
            },
            {
                "name": "褒忠鄉",
                "stations": [
                    "褒忠"
                ]
            },
            {
                "name": "虎尾鎮",
                "stations": [
                    "高鐵雲林",
                    "虎尾"
                ]
            },
            {
                "name": "東勢鄉",
                "stations": [
                    "雲林東勢"
                ]
            },
            {
                "name": "斗南鎮",
                "stations": [
                    "斗南"
                ]
            },
            {
                "name": "麥寮鄉",
                "stations": []
            },
            {
                "name": "莿桐鄉",
                "stations": [
                    "莿桐"
                ]
            },
            {
                "name": "大埤鄉",
                "stations": [
                    "大埤"
                ]
            },
            {
                "name": "口湖鄉",
                "stations": [
                    "箔子寮",
                    "宜梧"
                ]
            },
            {
                "name": "古坑鄉",
                "stations": [
                    "棋山"
                ]
            },
            {
                "name": "四湖鄉",
                "stations": [
                    "四湖"
                ]
            },
            {
                "name": "北港鎮",
                "stations": [
                    "北港"
                ]
            },
            {
                "name": "元長鄉",
                "stations": [
                    "元長"
                ]
            }
        ]
    },
    {
        "name": "嘉義縣",
        "shortId": "F-D0047-029",
        "longId": "F-D0047-031",
        "townships": [
            {
                "name": "義竹鄉",
                "stations": [
                    "東後寮"
                ]
            },
            {
                "name": "東石鄉",
                "stations": [
                    "東石"
                ]
            },
            {
                "name": "六腳鄉",
                "stations": [
                    "六腳"
                ]
            },
            {
                "name": "太保市",
                "stations": [
                    "太保"
                ]
            },
            {
                "name": "水上鄉",
                "stations": [
                    "水上"
                ]
            },
            {
                "name": "鹿草鄉",
                "stations": [
                    "鹿草"
                ]
            },
            {
                "name": "布袋鎮",
                "stations": [
                    "好美里",
                    "布袋"
                ]
            },
            {
                "name": "竹崎鄉",
                "stations": [
                    "奮起湖",
                    "竹崎"
                ]
            },
            {
                "name": "朴子市",
                "stations": [
                    "朴子"
                ]
            },
            {
                "name": "中埔鄉",
                "stations": [
                    "中埔"
                ]
            },
            {
                "name": "民雄鄉",
                "stations": [
                    "民雄"
                ]
            },
            {
                "name": "番路鄉",
                "stations": [
                    "番路"
                ]
            },
            {
                "name": "大林鎮",
                "stations": [
                    "大林"
                ]
            },
            {
                "name": "梅山鄉",
                "stations": [
                    "嘉義梅山"
                ]
            },
            {
                "name": "新港鄉",
                "stations": [
                    "新港"
                ]
            },
            {
                "name": "阿里山鄉",
                "stations": [
                    "新美",
                    "里佳",
                    "達邦",
                    "茶山"
                ]
            },
            {
                "name": "溪口鄉",
                "stations": [
                    "溪口"
                ]
            },
            {
                "name": "大埔鄉",
                "stations": [
                    "表湖"
                ]
            }
        ]
    },
    {
        "name": "屏東縣",
        "shortId": "F-D0047-033",
        "longId": "F-D0047-035",
        "townships": [
            {
                "name": "萬丹鄉",
                "stations": [
                    "萬丹"
                ]
            },
            {
                "name": "霧臺鄉",
                "stations": [
                    "阿禮"
                ]
            },
            {
                "name": "新園鄉",
                "stations": [
                    "新園"
                ]
            },
            {
                "name": "麟洛鄉",
                "stations": [
                    "麟洛"
                ]
            },
            {
                "name": "泰武鄉",
                "stations": [
                    "舊泰武"
                ]
            },
            {
                "name": "林邊鄉",
                "stations": [
                    "林邊"
                ]
            },
            {
                "name": "里港鄉",
                "stations": [
                    "里港"
                ]
            },
            {
                "name": "春日鄉",
                "stations": [
                    "大漢山",
                    "春日"
                ]
            },
            {
                "name": "佳冬鄉",
                "stations": [
                    "塭仔",
                    "佳冬"
                ]
            },
            {
                "name": "高樹鄉",
                "stations": [
                    "高樹"
                ]
            },
            {
                "name": "牡丹鄉",
                "stations": [
                    "牡丹",
                    "旭海",
                    "四林格山",
                    "牡丹池山",
                    "高士"
                ]
            },
            {
                "name": "屏東市",
                "stations": [
                    "屏東"
                ]
            },
            {
                "name": "車城鄉",
                "stations": [
                    "竹坑",
                    "車城",
                    "保力"
                ]
            },
            {
                "name": "內埔鄉",
                "stations": [
                    "三地門"
                ]
            },
            {
                "name": "東港鎮",
                "stations": [
                    "東港"
                ]
            },
            {
                "name": "枋山鄉",
                "stations": [
                    "加祿堂",
                    "枋山",
                    "楓港"
                ]
            },
            {
                "name": "新埤鄉",
                "stations": [
                    "新埤"
                ]
            },
            {
                "name": "枋寮鄉",
                "stations": [
                    "下寮",
                    "枋寮"
                ]
            },
            {
                "name": "長治鄉",
                "stations": [
                    "長治"
                ]
            },
            {
                "name": "瑪家鄉",
                "stations": [
                    "瑪家"
                ]
            },
            {
                "name": "崁頂鄉",
                "stations": [
                    "崁頂"
                ]
            },
            {
                "name": "九如鄉",
                "stations": [
                    "九如"
                ]
            },
            {
                "name": "來義鄉",
                "stations": [
                    "白鷺"
                ]
            },
            {
                "name": "南州鄉",
                "stations": [
                    "南州"
                ]
            },
            {
                "name": "鹽埔鄉",
                "stations": [
                    "鹽埔"
                ]
            },
            {
                "name": "獅子鄉",
                "stations": [
                    "獅子",
                    "內獅",
                    "丹路"
                ]
            },
            {
                "name": "琉球鄉",
                "stations": [
                    "琉球嶼"
                ]
            },
            {
                "name": "萬巒鄉",
                "stations": [
                    "來義",
                    "赤山"
                ]
            },
            {
                "name": "潮州鎮",
                "stations": [
                    "潮州"
                ]
            },
            {
                "name": "滿州鄉",
                "stations": [
                    "鼻頭",
                    "興海",
                    "檳榔",
                    "佳樂水",
                    "九棚",
                    "滿州",
                    "南仁湖"
                ]
            },
            {
                "name": "竹田鄉",
                "stations": [
                    "竹田"
                ]
            },
            {
                "name": "恆春鎮",
                "stations": [
                    "後壁湖",
                    "山海",
                    "墾丁",
                    "貓鼻頭",
                    "墾雷",
                    "大坪頂",
                    "龍磐"
                ]
            },
            {
                "name": "三地門鄉",
                "stations": [
                    "尾寮山"
                ]
            }
        ]
    },
    {
        "name": "臺東縣",
        "shortId": "F-D0047-037",
        "longId": "F-D0047-039",
        "townships": [
            {
                "name": "關山鎮",
                "stations": [
                    "關山"
                ]
            },
            {
                "name": "金峰鄉",
                "stations": [
                    "金峰嘉蘭"
                ]
            },
            {
                "name": "成功鎮",
                "stations": [
                    "水試所成功",
                    "都歷"
                ]
            },
            {
                "name": "延平鄉",
                "stations": [
                    "延平"
                ]
            },
            {
                "name": "臺東市",
                "stations": [
                    "知本(水試所)"
                ]
            },
            {
                "name": "海端鄉",
                "stations": [
                    "下馬",
                    "向陽",
                    "紅石"
                ]
            },
            {
                "name": "綠島鄉",
                "stations": [
                    "綠島"
                ]
            },
            {
                "name": "大武鄉",
                "stations": [
                    "加津林",
                    "山豬窟"
                ]
            },
            {
                "name": "太麻里鄉",
                "stations": [
                    "大溪山",
                    "金崙",
                    "太麻里",
                    "香蘭",
                    "歷坵",
                    "金崙山"
                ]
            },
            {
                "name": "長濱鄉",
                "stations": [
                    "長濱",
                    "石寧山"
                ]
            },
            {
                "name": "東河鄉",
                "stations": [
                    "東河",
                    "七塊厝"
                ]
            },
            {
                "name": "池上鄉",
                "stations": [
                    "池上"
                ]
            },
            {
                "name": "鹿野鄉",
                "stations": [
                    "鹿野",
                    "瑞和"
                ]
            },
            {
                "name": "蘭嶼鄉",
                "stations": [
                    "蘭嶼高中",
                    "蘭嶼燈塔"
                ]
            },
            {
                "name": "卑南鄉",
                "stations": [
                    "知本",
                    "檳榔四格山"
                ]
            },
            {
                "name": "達仁鄉",
                "stations": [
                    "土阪",
                    "南田",
                    "勝林山",
                    "達仁林場"
                ]
            }
        ]
    },
    {
        "name": "花蓮縣",
        "shortId": "F-D0047-041",
        "longId": "F-D0047-043",
        "townships": [
            {
                "name": "鳳林鎮",
                "stations": [
                    "鳳林山",
                    "鳳林",
                    "萬榮"
                ]
            },
            {
                "name": "卓溪鄉",
                "stations": [
                    "佳心",
                    "卓溪",
                    "瑞穗林道",
                    "清水林道"
                ]
            },
            {
                "name": "花蓮市",
                "stations": []
            },
            {
                "name": "萬榮鄉",
                "stations": [
                    "西林"
                ]
            },
            {
                "name": "秀林鄉",
                "stations": [
                    "天祥",
                    "水源",
                    "富世",
                    "清水斷崖",
                    "和中",
                    "和平林道",
                    "和平",
                    "大禹嶺"
                ]
            },
            {
                "name": "富里鄉",
                "stations": [
                    "明里",
                    "東里",
                    "富里"
                ]
            },
            {
                "name": "瑞穗鄉",
                "stations": [
                    "舞鶴",
                    "瑞穗"
                ]
            },
            {
                "name": "豐濱鄉",
                "stations": [
                    "加路蘭山",
                    "豐濱",
                    "靜浦"
                ]
            },
            {
                "name": "光復鄉",
                "stations": [
                    "光復",
                    "富源"
                ]
            },
            {
                "name": "壽豐鄉",
                "stations": [
                    "東華",
                    "鯉魚潭",
                    "月眉山",
                    "大坑",
                    "水璉",
                    "蕃薯寮"
                ]
            },
            {
                "name": "吉安鄉",
                "stations": [
                    "吉安光華"
                ]
            },
            {
                "name": "新城鄉",
                "stations": [
                    "新城"
                ]
            },
            {
                "name": "玉里鎮",
                "stations": [
                    "玉里",
                    "德武",
                    "赤柯山",
                    "安通山"
                ]
            }
        ]
    },
    {
        "name": "澎湖縣",
        "shortId": "F-D0047-045",
        "longId": "F-D0047-047",
        "townships": [
            {
                "name": "馬公市",
                "stations": []
            },
            {
                "name": "七美鄉",
                "stations": [
                    "七美"
                ]
            },
            {
                "name": "西嶼鄉",
                "stations": [
                    "西嶼"
                ]
            },
            {
                "name": "望安鄉",
                "stations": [
                    "望安",
                    "花嶼"
                ]
            },
            {
                "name": "湖西鄉",
                "stations": [
                    "湖西"
                ]
            },
            {
                "name": "白沙鄉",
                "stations": []
            }
        ]
    },
    {
        "name": "基隆市",
        "shortId": "F-D0047-049",
        "longId": "F-D0047-051",
        "townships": [
            {
                "name": "信義區",
                "stations": []
            },
            {
                "name": "中山區",
                "stations": []
            },
            {
                "name": "安樂區",
                "stations": [
                    "大武崙"
                ]
            },
            {
                "name": "暖暖區",
                "stations": [
                    "暖暖"
                ]
            },
            {
                "name": "仁愛區",
                "stations": []
            },
            {
                "name": "中正區",
                "stations": [
                    "八斗子",
                    "基隆嶼"
                ]
            },
            {
                "name": "七堵區",
                "stations": [
                    "七堵"
                ]
            }
        ]
    },
    {
        "name": "新竹市",
        "shortId": "F-D0047-053",
        "longId": "F-D0047-055",
        "townships": [
            {
                "name": "東區",
                "stations": [
                    "新竹市東區"
                ]
            },
            {
                "name": "香山區",
                "stations": [
                    "香山濕地"
                ]
            },
            {
                "name": "北區",
                "stations": [
                    "海天一線"
                ]
            }
        ]
    },
    {
        "name": "嘉義市",
        "shortId": "F-D0047-057",
        "longId": "F-D0047-059",
        "townships": [
            {
                "name": "西區",
                "stations": []
            },
            {
                "name": "東區",
                "stations": [
                    "嘉義市東區"
                ]
            }
        ]
    },
    {
        "name": "臺北市",
        "shortId": "F-D0047-061",
        "longId": "F-D0047-063",
        "townships": [
            {
                "name": "南港區",
                "stations": []
            },
            {
                "name": "文山區",
                "stations": [
                    "文山"
                ]
            },
            {
                "name": "萬華區",
                "stations": []
            },
            {
                "name": "大同區",
                "stations": []
            },
            {
                "name": "中正區",
                "stations": []
            },
            {
                "name": "中山區",
                "stations": []
            },
            {
                "name": "大安區",
                "stations": []
            },
            {
                "name": "信義區",
                "stations": [
                    "信義"
                ]
            },
            {
                "name": "松山區",
                "stations": [
                    "松山"
                ]
            },
            {
                "name": "北投區",
                "stations": [
                    "大屯山",
                    "石牌"
                ]
            },
            {
                "name": "士林區",
                "stations": [
                    "科教館",
                    "天母",
                    "社子",
                    "平等"
                ]
            },
            {
                "name": "內湖區",
                "stations": [
                    "內湖"
                ]
            }
        ]
    },
    {
        "name": "高雄市",
        "shortId": "F-D0047-065",
        "longId": "F-D0047-067",
        "townships": [
            {
                "name": "仁武區",
                "stations": [
                    "仁武"
                ]
            },
            {
                "name": "前金區",
                "stations": []
            },
            {
                "name": "梓官區",
                "stations": [
                    "蚵仔寮",
                    "梓官"
                ]
            },
            {
                "name": "岡山區",
                "stations": [
                    "岡山"
                ]
            },
            {
                "name": "前鎮區",
                "stations": [
                    "前鎮"
                ]
            },
            {
                "name": "美濃區",
                "stations": [
                    "美濃"
                ]
            },
            {
                "name": "燕巢區",
                "stations": [
                    "阿公店"
                ]
            },
            {
                "name": "小港區",
                "stations": [
                    "鳳鼻頭",
                    "鳳森"
                ]
            },
            {
                "name": "甲仙區",
                "stations": [
                    "小林"
                ]
            },
            {
                "name": "鹽埕區",
                "stations": []
            },
            {
                "name": "阿蓮區",
                "stations": [
                    "阿蓮"
                ]
            },
            {
                "name": "林園區",
                "stations": [
                    "汕尾",
                    "林園"
                ]
            },
            {
                "name": "內門區",
                "stations": [
                    "內門"
                ]
            },
            {
                "name": "左營區",
                "stations": [
                    "左營"
                ]
            },
            {
                "name": "湖內區",
                "stations": [
                    "湖內"
                ]
            },
            {
                "name": "大樹區",
                "stations": [
                    "溪埔"
                ]
            },
            {
                "name": "桃源區",
                "stations": [
                    "復興"
                ]
            },
            {
                "name": "三民區",
                "stations": [
                    "三民"
                ]
            },
            {
                "name": "永安區",
                "stations": [
                    "永安"
                ]
            },
            {
                "name": "新興區",
                "stations": [
                    "新興"
                ]
            },
            {
                "name": "彌陀區",
                "stations": [
                    "南寮",
                    "文安",
                    "彌陀"
                ]
            },
            {
                "name": "鳥松區",
                "stations": []
            },
            {
                "name": "苓雅區",
                "stations": [
                    "苓雅"
                ]
            },
            {
                "name": "橋頭區",
                "stations": [
                    "橋頭"
                ]
            },
            {
                "name": "旗津區",
                "stations": []
            },
            {
                "name": "六龜區",
                "stations": [
                    "六龜"
                ]
            },
            {
                "name": "田寮區",
                "stations": [
                    "古亭坑"
                ]
            },
            {
                "name": "鳳山區",
                "stations": [
                    "鳳山"
                ]
            },
            {
                "name": "杉林區",
                "stations": []
            },
            {
                "name": "鼓山區",
                "stations": [
                    "鼓山"
                ]
            },
            {
                "name": "路竹區",
                "stations": [
                    "路竹"
                ]
            },
            {
                "name": "大寮區",
                "stations": [
                    "大寮"
                ]
            },
            {
                "name": "茂林區",
                "stations": [
                    "萬山"
                ]
            },
            {
                "name": "楠梓區",
                "stations": []
            },
            {
                "name": "茄萣區",
                "stations": [
                    "興達",
                    "茄萣"
                ]
            },
            {
                "name": "大社區",
                "stations": [
                    "大社"
                ]
            },
            {
                "name": "那瑪夏區",
                "stations": []
            },
            {
                "name": "旗山區",
                "stations": [
                    "旗山"
                ]
            }
        ]
    },
    {
        "name": "新北市",
        "shortId": "F-D0047-069",
        "longId": "F-D0047-071",
        "townships": [
            {
                "name": "瑞芳區",
                "stations": [
                    "水湳洞",
                    "鼻頭角",
                    "五分山"
                ]
            },
            {
                "name": "三重區",
                "stations": [
                    "三重"
                ]
            },
            {
                "name": "平溪區",
                "stations": []
            },
            {
                "name": "淡水區",
                "stations": [
                    "淡水觀海",
                    "六塊厝"
                ]
            },
            {
                "name": "石門區",
                "stations": [
                    "石門",
                    "白沙灣"
                ]
            },
            {
                "name": "泰山區",
                "stations": []
            },
            {
                "name": "新店區",
                "stations": [
                    "屈尺"
                ]
            },
            {
                "name": "萬里區",
                "stations": [
                    "野柳",
                    "大坪"
                ]
            },
            {
                "name": "蘆洲區",
                "stations": [
                    "蘆洲"
                ]
            },
            {
                "name": "永和區",
                "stations": [
                    "永和"
                ]
            },
            {
                "name": "貢寮區",
                "stations": [
                    "澳底",
                    "三貂角"
                ]
            },
            {
                "name": "深坑區",
                "stations": [
                    "深坑"
                ]
            },
            {
                "name": "鶯歌區",
                "stations": [
                    "鶯歌"
                ]
            },
            {
                "name": "坪林區",
                "stations": [
                    "坪林"
                ]
            },
            {
                "name": "板橋區",
                "stations": [
                    "板橋"
                ]
            },
            {
                "name": "八里區",
                "stations": [
                    "八里"
                ]
            },
            {
                "name": "土城區",
                "stations": [
                    "土城"
                ]
            },
            {
                "name": "三芝區",
                "stations": [
                    "田寮"
                ]
            },
            {
                "name": "汐止區",
                "stations": [
                    "五指山",
                    "汐止"
                ]
            },
            {
                "name": "新莊區",
                "stations": [
                    "新莊"
                ]
            },
            {
                "name": "金山區",
                "stations": [
                    "三和",
                    "金山"
                ]
            },
            {
                "name": "林口區",
                "stations": [
                    "林口"
                ]
            },
            {
                "name": "中和區",
                "stations": [
                    "中和"
                ]
            },
            {
                "name": "雙溪區",
                "stations": [
                    "泰平",
                    "雙溪"
                ]
            },
            {
                "name": "五股區",
                "stations": [
                    "五股"
                ]
            },
            {
                "name": "三峽區",
                "stations": [
                    "三峽"
                ]
            },
            {
                "name": "樹林區",
                "stations": [
                    "山佳"
                ]
            },
            {
                "name": "烏來區",
                "stations": [
                    "福山植物園",
                    "桶後"
                ]
            },
            {
                "name": "石碇區",
                "stations": [
                    "石碇"
                ]
            }
        ]
    },
    {
        "name": "臺中市",
        "shortId": "F-D0047-073",
        "longId": "F-D0047-075",
        "townships": [
            {
                "name": "外埔區",
                "stations": [
                    "外埔"
                ]
            },
            {
                "name": "新社區",
                "stations": [
                    "新社"
                ]
            },
            {
                "name": "豐原區",
                "stations": [
                    "豐原"
                ]
            },
            {
                "name": "后里區",
                "stations": [
                    "后里"
                ]
            },
            {
                "name": "北區",
                "stations": []
            },
            {
                "name": "太平區",
                "stations": []
            },
            {
                "name": "潭子區",
                "stations": [
                    "潭子"
                ]
            },
            {
                "name": "南屯區",
                "stations": [
                    "南屯"
                ]
            },
            {
                "name": "和平區",
                "stations": [
                    "桃山A",
                    "雪山東峰A",
                    "雪山圈谷A",
                    "審馬陣A",
                    "南湖圈谷A",
                    "中坑"
                ]
            },
            {
                "name": "大甲區",
                "stations": [
                    "松柏"
                ]
            },
            {
                "name": "中區",
                "stations": []
            },
            {
                "name": "烏日區",
                "stations": [
                    "烏日"
                ]
            },
            {
                "name": "沙鹿區",
                "stations": []
            },
            {
                "name": "南區",
                "stations": []
            },
            {
                "name": "龍井區",
                "stations": [
                    "臺中電廠",
                    "龍井"
                ]
            },
            {
                "name": "石岡區",
                "stations": [
                    "石岡"
                ]
            },
            {
                "name": "東勢區",
                "stations": [
                    "東勢"
                ]
            },
            {
                "name": "北屯區",
                "stations": [
                    "大坑"
                ]
            },
            {
                "name": "西區",
                "stations": []
            },
            {
                "name": "霧峰區",
                "stations": [
                    "霧峰"
                ]
            },
            {
                "name": "神岡區",
                "stations": [
                    "神岡"
                ]
            },
            {
                "name": "西屯區",
                "stations": [
                    "西屯"
                ]
            },
            {
                "name": "大里區",
                "stations": [
                    "大里"
                ]
            },
            {
                "name": "大雅區",
                "stations": [
                    "大雅(中科園區)"
                ]
            },
            {
                "name": "大安區",
                "stations": [
                    "溫寮",
                    "大安"
                ]
            },
            {
                "name": "清水區",
                "stations": [
                    "清水"
                ]
            },
            {
                "name": "東區",
                "stations": []
            },
            {
                "name": "大肚區",
                "stations": []
            },
            {
                "name": "梧棲區",
                "stations": []
            }
        ]
    },
    {
        "name": "臺南市",
        "shortId": "F-D0047-077",
        "longId": "F-D0047-079",
        "townships": [
            {
                "name": "官田區",
                "stations": [
                    "官田"
                ]
            },
            {
                "name": "東區",
                "stations": []
            },
            {
                "name": "山上區",
                "stations": [
                    "山上"
                ]
            },
            {
                "name": "龍崎區",
                "stations": [
                    "崎頂"
                ]
            },
            {
                "name": "新市區",
                "stations": [
                    "新市"
                ]
            },
            {
                "name": "新化區",
                "stations": [
                    "虎頭埤"
                ]
            },
            {
                "name": "下營區",
                "stations": [
                    "下營"
                ]
            },
            {
                "name": "將軍區",
                "stations": [
                    "鯤鯓國小",
                    "將軍"
                ]
            },
            {
                "name": "東山區",
                "stations": [
                    "東河"
                ]
            },
            {
                "name": "歸仁區",
                "stations": [
                    "媽廟"
                ]
            },
            {
                "name": "西港區",
                "stations": [
                    "西港"
                ]
            },
            {
                "name": "安平區",
                "stations": [
                    "安平"
                ]
            },
            {
                "name": "柳營區",
                "stations": [
                    "柳營"
                ]
            },
            {
                "name": "左鎮區",
                "stations": [
                    "左鎮"
                ]
            },
            {
                "name": "佳里區",
                "stations": [
                    "佳里"
                ]
            },
            {
                "name": "北區",
                "stations": [
                    "臺南市北區"
                ]
            },
            {
                "name": "鹽水區",
                "stations": [
                    "鹽水"
                ]
            },
            {
                "name": "楠西區",
                "stations": []
            },
            {
                "name": "安定區",
                "stations": [
                    "安定"
                ]
            },
            {
                "name": "大內區",
                "stations": [
                    "大內"
                ]
            },
            {
                "name": "南區",
                "stations": [
                    "臺南市南區"
                ]
            },
            {
                "name": "永康區",
                "stations": []
            },
            {
                "name": "麻豆區",
                "stations": [
                    "麻豆"
                ]
            },
            {
                "name": "關廟區",
                "stations": [
                    "關廟"
                ]
            },
            {
                "name": "善化區",
                "stations": [
                    "善化"
                ]
            },
            {
                "name": "後壁區",
                "stations": [
                    "後壁"
                ]
            },
            {
                "name": "仁德區",
                "stations": [
                    "仁德"
                ]
            },
            {
                "name": "北門區",
                "stations": [
                    "蘆竹溝",
                    "蚵寮",
                    "北門"
                ]
            },
            {
                "name": "白河區",
                "stations": [
                    "白河",
                    "關子嶺",
                    "鹿寮"
                ]
            },
            {
                "name": "南化區",
                "stations": [
                    "北寮"
                ]
            },
            {
                "name": "七股區",
                "stations": []
            },
            {
                "name": "中西區",
                "stations": []
            },
            {
                "name": "新營區",
                "stations": [
                    "新營"
                ]
            },
            {
                "name": "玉井區",
                "stations": []
            },
            {
                "name": "學甲區",
                "stations": [
                    "學甲"
                ]
            },
            {
                "name": "安南區",
                "stations": [
                    "城西",
                    "四草"
                ]
            },
            {
                "name": "六甲區",
                "stations": [
                    "王爺宮"
                ]
            }
        ]
    },
    {
        "name": "連江縣",
        "shortId": "F-D0047-081",
        "longId": "F-D0047-083",
        "townships": [
            {
                "name": "南竿鄉",
                "stations": []
            },
            {
                "name": "莒光鄉",
                "stations": [
                    "東莒"
                ]
            },
            {
                "name": "北竿鄉",
                "stations": [
                    "北竿"
                ]
            },
            {
                "name": "東引鄉",
                "stations": []
            }
        ]
    },
    {
        "name": "金門縣",
        "shortId": "F-D0047-085",
        "longId": "F-D0047-087",
        "townships": [
            {
                "name": "金城鎮",
                "stations": []
            },
            {
                "name": "金沙鎮",
                "stations": [
                    "金沙"
                ]
            },
            {
                "name": "金湖鎮",
                "stations": []
            },
            {
                "name": "金寧鄉",
                "stations": [
                    "金寧"
                ]
            },
            {
                "name": "烈嶼鄉",
                "stations": []
            },
            {
                "name": "烏坵鄉",
                "stations": [
                    "烏坵"
                ]
            }
        ]
    }
]